2009/05/28;90.459999;91.339996;89.099998;90.919998;2;1
2009/05/29;91.419998;93.699997;90.68;92.529999;2;4
2009/06/01;93.669998;95.169998;93.43;94.769997;2;4
2009/06/02;94.400002;95.370003;94.230003;94.849998;2;4
2009/06/03;94.040001;94.129997;92.760002;93.650002;2;2
2009/06/04;94;94.669998;93.300003;94.529999;2;1
2009/06/05;95.489998;95.669998;93.800003;94.550003;2;1
2009/06/08;93.839996;95.099998;93.040001;94.160004;2;1
2009/06/09;94.690002;95.139999;94.019997;94.639999;2;1
2009/06/10;95.480003;95.489998;93.190002;94.400002;2;1
2009/06/11;94.580002;96.110001;94.559998;94.82;2;1
2009/06/12;94.400002;95.139999;94;95.080002;2;2
2009/06/15;93.959999;94.019997;92.400002;92.900002;2;2
2009/06/16;93.230003;93.290001;91.580002;91.639999;2;2
2009/06/17;91.599998;92.330002;90.830002;91.550003;2;2
2009/06/18;91.690002;92.669998;91.25;92.220001;2;2
2009/06/19;92.580002;92.699997;91.519997;92.040001;2;2
2009/06/22;91.139999;91.190002;89.25;89.279999;2;2
2009/06/23;89.470001;89.879997;88.849998;89.349998;1;2
2009/06/24;90.160004;91.080002;89.599998;90.120003;1;2
2009/06/25;89.669998;92.169998;89.57;92.080002;1;2
2009/06/26;91.769997;92.239998;91.269997;91.839996;1;2
2009/06/29;92.110001;92.82;91.599998;92.699997;1;4
2009/06/30;92.720001;93.059998;91.269997;91.949997;1;4
2009/07/01;92.339996;93.230003;92.209999;92.330002;1;1
2009/07/02;91.129997;92.360001;89.760002;89.809998;1;2
2009/07/06;88.940002;89.93;88.660004;89.800003;1;2
2009/07/07;89.709999;89.82;88;88.059998;1;2
2009/07/08;88.589996;88.800003;87;88;1;2
2009/07/09;88.610001;88.900002;87.910004;88.169998;1;2
2009/07/10;87.699997;88.489998;87.349998;87.959999;1;2
2009/07/13;88.309998;90.169998;87.589996;90.099998;1;2
2009/07/14;90.379997;90.690002;89.730003;90.610001;1;2
2009/07/15;91.809998;93.510002;90.68;93.260002;1;2
2009/07/16;93;94.510002;92.82;93.110001;1;2
2009/07/17;94.059998;94.32;93.540001;94.129997;1;1
2009/07/20;94.68;95.290001;94.190002;95.129997;1;1
2009/07/21;95.870003;95.900002;94.419998;95.57;1;1
2009/07/22;94.959999;96.129997;94.889999;95.550003;1;1
2009/07/23;95.610001;98.080002;95.529999;97.660004;1;1
2009/07/24;97.199997;98.139999;96.690002;98.059998;1;1
2009/07/27;97.879997;98.400002;97.339996;98.349998;1;1
2009/07/28;97.660004;98.370003;97.059998;97.889999;1;1
2009/07/29;97.440002;98.089996;96.980003;97.650002;1;1
2009/07/30;98.830002;99.830002;98.599998;98.669998;1;1
2009/07/31;98.650002;99.470001;98.379997;98.809998;1;1
2009/08/03;99.849998;100.529999;99.309998;100.440002;1;1
2009/08/04;99.989998;100.839996;99.779999;100.699997;1;1
2009/08/05;100.769997;100.860001;99.580002;100.410004;1;1
2009/08/06;100.870003;101.019997;99.419998;99.889999;1;1
2009/08/07;100.940002;102.029999;100.389999;101.199997;1;1
2009/08/10;100.739998;101.220001;100.269997;100.989998;1;1
2009/08/11;100.540001;100.610001;99.459999;99.730003;1;1
2009/08/12;99.559998;101.559998;99.510002;100.800003;1;1
2009/08/13;101.260002;101.610001;100.260002;101.57;1;1
2009/08/14;101.519997;101.599998;99.699997;100.790001;1;1
2009/08/17;98.849998;98.949997;98.110001;98.309998;1;1
2009/08/18;98.529999;99.440002;98.349998;99.089996;1;1
2009/08/19;98.309998;100.300003;98.209999;99.959999;1;1
2009/08/20;100.089996;101.220001;99.870003;100.989998;1;1
2009/08/21;101.82;103.129997;101.620003;102.970001;1;1
2009/08/24;103.389999;103.949997;102.589996;102.959999;1;1
2009/08/25;103.370003;104.260002;102.940002;103.160004;1;1
2009/08/26;102.839996;103.639999;102.489998;103.169998;1;1
2009/08/27;103.110001;103.720001;101.940002;103.400002;1;1
2009/08/28;104.230003;104.349998;102.669998;103.379997;1;1
2009/08/31;102.370003;102.580002;101.790001;102.459999;1;1
2009/09/01;101.949997;103.239998;99.989998;100.199997;1;1
2009/09/02;99.779999;100.440002;99.57;99.82;1;1
2009/09/03;100.400002;100.769997;99.589996;100.650002;1;1
2009/09/04;100.849998;102.089996;100.550003;102.059998;1;1
2009/09/08;103;103.050003;102.389999;102.940002;1;1
2009/09/09;103.120003;104.080002;102.800003;103.730003;1;1
2009/09/10;103.800003;104.860001;103.220001;104.790001;1;1
2009/09/11;104.989998;105.300003;104.279999;104.769997;1;1
2009/09/14;103.879997;105.459999;103.150002;105.279999;1;1
2009/09/15;105.449997;106.110001;104.760002;105.720001;1;1
2009/09/16;106.099998;107.339996;105.730003;107.32;1;1
2009/09/17;107.169998;108.059998;106.57;107.160004;1;1
2009/09/18;107.150002;107.160004;106.360001;106.720001;1;1
2009/09/21;105.889999;107;105.660004;106.449997;1;1
2009/09/22;107.080002;107.370003;106.599998;107.07;1;1
2009/09/23;107.32;108.029999;105.989998;106.18;1;1
2009/09/24;106.410004;106.639999;104.550003;105.010002;1;1
2009/09/25;104.779999;105.360001;104.089996;104.449997;1;1
2009/09/28;104.849998;106.550003;104.830002;106.32;1;1
2009/09/29;106.510002;107.019997;105.779999;106;1;1
2009/09/30;106.360001;106.459999;104.620003;105.589996;1;1
2009/10/01;103;105.730003;102.949997;102.970001;1;1
2009/10/02;102.019997;103.099998;101.989998;102.489998;1;1
2009/10/05;102.900002;104.32;102.599998;104.019997;1;1
2009/10/06;104.769997;106.110001;104.709999;105.510002;1;2
2009/10/07;105.269997;105.910004;105.07;105.800003;1;2
2009/10/08;106.550003;107.169998;105.849998;106.610001;1;1
2009/10/09;106.639999;107.260002;106.360001;107.260002;1;1
2009/10/12;107.760002;108.089996;107.279999;107.68;1;1
2009/10/13;107.389999;107.709999;106.760002;107.459999;1;1
2009/10/14;108.720001;109.419998;107.419998;109.309998;1;1
2009/10/15;108.779999;109.709999;108.730003;109.709999;1;1
2009/10/16;108.800003;109.269997;108.230003;108.889999;1;1
2009/10/19;109.07;110.129997;108.730003;109.790001;1;1
2009/10/20;109.949997;109.989998;108.68;109.209999;1;1
2009/10/21;109.040001;110.309998;108.150002;108.230003;1;1
2009/10/22;108.190002;109.68;107.5;109.330002;1;1
2009/10/23;109.690002;109.760002;107.629997;108.080002;1;1
2009/10/26;108.199997;109.309998;106.610001;106.910004;1;1
2009/10/27;107.029999;107.389999;106.160004;106.419998;1;1
2009/10/28;106.150002;106.480003;104.349998;104.410004;1;1
2009/10/29;105.190002;106.860001;104.940002;106.650002;1;1
2009/10/30;106.300003;106.620003;103.440002;103.559998;1;2
2009/11/02;104.129997;105.410004;103.080002;104.32;1;2
2009/11/03;103.739998;104.800003;103.540001;104.650002;1;2
2009/11/04;105.510002;106.330002;104.650002;104.919998;1;2
2009/11/05;105.660004;106.879997;105.440002;106.849998;1;2
2009/11/06;106.260002;107.400002;106.050003;107.129997;1;4
2009/11/09;107.949997;109.629997;107.870003;109.57;1;1
2009/11/10;109.309998;109.93;108.970001;109.589996;1;1
2009/11/11;110.309998;110.82;109.620003;110.150002;1;1
2009/11/12;110;110.57;108.75;109.029999;1;1
2009/11/13;109.309998;110.089996;108.75;109.620003;1;1
2009/11/16;110.379997;111.690002;110.32;111.209999;1;1
2009/11/17;110.919998;111.389999;110.5;111.339996;1;1
2009/11/18;111.260002;111.43;110.57;111.269997;1;1
2009/11/19;110.510002;111.309998;109.129997;109.82;1;1
2009/11/20;109.25;109.760002;109.010002;109.43;1;1
2009/11/23;110.720001;111.739998;110.599998;110.82;1;1
2009/11/24;111;111.199997;110.010002;110.989998;1;1
2009/11/25;111.169998;111.5;110.82;111.379997;1;1
2009/11/27;108.400002;110.32;108.290001;109.57;1;1
2009/11/30;109.480003;110.199997;108.120003;109.940002;1;1
2009/12/01;110.919998;111.660004;110.730003;111.300003;1;1
2009/12/02;111.279999;112.010002;110.919998;111.25;1;1
2009/12/03;111.550003;112.18;110.290001;110.379997;1;1
2009/12/04;111.839996;112.379997;110.040001;111.010002;1;1
2009/12/07;110.910004;111.529999;110.489998;110.839996;1;1
2009/12/08;110.040001;110.769997;109.269997;109.610001;1;1
2009/12/09;109.580002;110.18;109.019997;110.019997;1;1
2009/12/10;110.699997;111.120003;110.449997;110.639999;1;1
2009/12/11;111.110001;111.360001;110.610001;111.110001;1;1
2009/12/14;111.870003;112;111.129997;111.870003;1;1
2009/12/15;111.459999;111.919998;111;111.349998;1;1
2009/12/16;111.800003;112.129997;111.269997;111.519997;1;1
2009/12/17;110.720001;110.93;110.080002;110.18;1;1
2009/12/18;110.199997;110.300003;109.279999;110.209999;1;1
2009/12/21;110.760002;111.699997;110.760002;111.330002;1;1
2009/12/22;111.57;111.970001;111.43;111.730003;1;1
2009/12/23;112;112.110001;111.5;111.949997;1;1
2009/12/24;112.190002;112.599998;112;112.480003;1;1
2009/12/28;112.900002;112.989998;112.32;112.720001;1;1
2009/12/29;113.010002;113.029999;112.550003;112.559998;1;1
2009/12/30;112.230003;112.650002;112.169998;112.519997;1;1
2009/12/31;112.769997;112.800003;111.389999;111.440002;1;1
2010/01/04;112.370003;113.389999;111.510002;113.330002;1;1
2010/01/05;113.260002;113.68;112.849998;113.629997;1;1
2010/01/06;113.519997;113.989998;113.43;113.709999;1;1
2010/01/07;113.5;114.330002;113.18;114.190002;1;1
2010/01/08;113.889999;114.620003;113.660004;114.57;1;1
2010/01/11;115.080002;115.129997;114.239998;114.730003;1;1
2010/01/12;113.970001;114.209999;113.220001;113.660004;1;1
2010/01/13;113.949997;114.940002;113.370003;114.620003;1;1
2010/01/14;114.489998;115.139999;114.419998;114.93;1;1
2010/01/15;114.730003;114.839996;113.199997;113.639999;1;1
2010/01/19;113.620003;115.129997;113.589996;115.059998;1;1
2010/01/20;114.279999;114.449997;112.980003;113.889999;1;1
2010/01/21;113.919998;114.269997;111.559998;111.699997;1;1
2010/01/22;111.199997;111.739998;109.089996;109.209999;1;1
2010/01/25;110.209999;110.410004;109.410004;109.769997;1;2
2010/01/26;109.339996;110.470001;109.040001;109.309998;1;2
2010/01/27;109.169998;110.080002;108.330002;109.830002;1;2
2010/01/28;110.190002;110.25;107.910004;108.57;1;2
2010/01/29;109.040001;109.800003;107.220001;107.389999;1;2
2010/02/01;108.150002;109.07;107.5;109.059998;1;2
2010/02/02;109.260002;110.589996;108.879997;110.379997;1;2
2010/02/03;109.879997;110.480003;109.510002;109.830002;1;2
2010/02/04;108.980003;109.029999;106.419998;106.440002;1;2
2010/02/05;106.559998;106.879997;104.580002;106.660004;1;1
2010/02/08;106.739998;107.330002;105.809998;105.889999;1;2
2010/02/09;107.129997;108.150002;106.269997;107.220001;1;1
2010/02/10;107.050003;107.599998;106.110001;107.010002;1;2
2010/02/11;106.870003;108.25;106.25;108.129997;1;1
2010/02/12;106.989998;108.099998;106.510002;108.040001;1;1
2010/02/16;108.860001;109.849998;107.82;109.739998;1;1
2010/02/17;110.269997;110.410004;109.739998;110.260002;1;1
2010/02/18;110.080002;111.139999;110.040001;110.910004;1;1
2010/02/19;110.620003;111.57;110.360001;111.139999;1;1
2010/02/22;111.550003;111.580002;110.830002;111.160004;1;1
2010/02/23;110.860001;111.199997;109.519997;109.809998;1;1
2010/02/24;110.139999;111;109.860001;110.82;1;1
2010/02/25;109.239998;110.75;108.940002;110.669998;1;1
2010/02/26;110.769997;111.120003;110.110001;110.739998;1;1
2010/03/01;111.199997;112;111.169998;111.889999;1;1
2010/03/02;112.370003;112.739998;112;112.199997;1;1
2010/03/03;112.489998;112.970001;112.019997;112.300003;1;1
2010/03/04;112.449997;112.800003;112.029999;112.639999;1;1
2010/03/05;113.370003;114.339996;113.099998;114.25;1;1
2010/03/08;114.260002;114.519997;114.07;114.269997;1;1
2010/03/09;113.93;114.989998;113.870003;114.459999;1;1
2010/03/10;114.510002;115.279999;114.410004;114.970001;1;1
2010/03/11;114.699997;115.480003;114.349998;115.449997;1;1
2010/03/12;115.949997;115.970001;115.139999;115.459999;1;1
2010/03/15;115.260002;115.57;114.599998;115.489998;1;1
2010/03/16;115.809998;116.519997;115.489998;116.410004;1;1
2010/03/17;116.760002;117.480003;116.419998;117.099998;1;1
2010/03/18;117.110001;117.269997;116.57;117.040001;1;1
2010/03/19;115.970001;117.290001;115.519997;115.970001;1;1
2010/03/22;115.309998;116.800003;115.239998;116.589996;1;1
2010/03/23;116.760002;117.510002;116.379997;117.410004;1;1
2010/03/24;116.970001;117.43;115.580002;116.839996;1;1
2010/03/25;117.629997;118.169998;116.510002;116.650002;1;1
2010/03/26;116.870003;117.419998;116.120003;116.580002;1;1
2010/03/29;117.169998;117.529999;116.690002;117.32;1;1
2010/03/30;117.459999;117.830002;116.910004;117.400002;1;1
2010/03/31;116.949997;117.519997;116.610001;117;1;1
2010/04/01;117.800003;118.25;117.099998;117.800003;1;1
2010/04/05;118.25;118.839996;117.919998;118.760002;1;1
2010/04/06;118.419998;119.25;118.290001;119.040001;1;1
2010/04/07;118.800003;119.360001;117.809998;118.360001;1;1
2010/04/08;117.949997;118.970001;117.599998;118.769997;1;1
2010/04/09;119.019997;119.599998;118.800003;119.550003;1;1
2010/04/12;119.699997;120.050003;119.559998;119.739998;1;1
2010/04/13;119.620003;120.040001;119;119.830002;1;1
2010/04/14;120.269997;121.190002;120.080002;121.190002;1;1
2010/04/15;120.989998;121.57;120.949997;121.290001;1;1
2010/04/16;120.860001;121.290001;118.75;119.360001;1;1
2010/04/19;119.010002;119.93;118.470001;119.809998;1;1
2010/04/20;120.559998;120.980003;119.870003;120.879997;1;1
2010/04/21;120.949997;121.230003;119.989998;120.660004;1;1
2010/04/22;119.809998;121.169998;119.120003;121.019997;1;1
2010/04/23;120.940002;121.860001;120.629997;121.809998;1;1
2010/04/26;121.849998;122.120003;121.230003;121.349998;1;1
2010/04/27;120.650002;121.339996;118.25;118.480003;1;1
2010/04/28;119.050003;119.68;118.269997;119.379997;1;1
2010/04/29;120.099998;121.110001;120.07;120.860001;1;1
2010/04/30;120.879997;121.010002;118.779999;118.809998;1;1
2010/05/03;119.379997;120.68;119.199997;120.349998;1;1
2010/05/04;119.010002;119.029999;116.919998;117.519997;1;1
2010/05/05;116.559998;117.800003;115.970001;116.82;1;1
2010/05/06;116.260002;117;105;112.940002;1;1
2010/05/07;112.639999;113.769997;109.410004;111.260002;1;2
2010/05/10;115.809998;116.650002;114.910004;116.160004;1;2
2010/05/11;115.07;117.360001;114.910004;115.830002;1;2
2010/05/12;116.290001;117.620003;116.089996;117.449997;1;2
2010/05/13;117.129997;117.68;115.889999;115.989998;1;2
2010/05/14;115.120003;115.330002;112.870003;113.889999;1;2
2010/05/17;114.199997;114.519997;111.769997;113.949997;1;4
2010/05/18;114.879997;115.220001;112.029999;112.400002;1;4
2010/05/19;111.769997;112.769997;110.360001;111.760002;1;4
2010/05/20;109.379997;109.889999;107.470001;107.540001;1;4
2010/05/21;105.910004;109.379997;105.360001;109.110001;1;4
2010/05/24;108.519997;109.389999;107.610001;107.709999;1;4
2010/05/25;105.110001;107.870003;104.379997;107.82;1;4
2010/05/26;108.480003;109.470001;106.849998;107.169998;1;4
2010/05/27;109.190002;110.800003;108.779999;110.760002;1;4
2010/05/28;110.639999;110.720001;108.849998;109.370003;1;4
2010/06/01;108.349998;109.949997;107.370003;107.529999;1;4
2010/06/02;108.080002;110.339996;107.510002;110.330002;1;4
2010/06/03;110.650002;111.059998;109.580002;110.709999;1;4
2010/06/04;108.610001;109.330002;106.459999;106.82;1;4
2010/06/07;107.199997;107.610001;105.410004;105.489998;1;4
2010/06/08;105.57;106.830002;104.650002;106.620003;1;4
2010/06/09;107.239998;108.279999;105.599998;106.050003;1;4
2010/06/10;107.860001;109.279999;106.040001;109.150002;1;1
2010/06/11;108.190002;109.75;108.120003;109.68;1;2
2010/06/14;110.519997;111.120003;109.400002;109.510002;1;1
2010/06/15;110.279999;112.099998;110.089996;112;1;1
2010/06/16;111.419998;112.419998;111.199997;111.959999;1;1
2010/06/17;112.279999;112.330002;111.050003;112.139999;1;1
2010/06/18;111.830002;112.129997;111.370003;111.730003;1;1
2010/06/21;113.120003;113.199997;110.790001;111.410004;1;1
2010/06/22;111.410004;111.900002;109.410004;109.57;1;1
2010/06/23;109.639999;110.029999;108.480003;109.230003;1;1
2010/06/24;108.690002;108.830002;107.139999;107.419998;1;2
2010/06/25;107.739998;108.419998;106.769997;107.870003;1;2
2010/06/28;108.029999;108.32;107.139999;107.529999;1;2
2010/06/29;106.019997;107.510002;103.550003;104.209999;1;2
2010/06/30;103.919998;104.879997;102.879997;103.220001;1;2
2010/07/01;103.150002;103.489998;101.129997;102.760002;1;2
2010/07/02;103.110001;103.419998;101.620003;102.199997;1;2
2010/07/06;103.639999;104.370003;101.879997;102.870003;2;2
2010/07/07;103.129997;106.239998;103.019997;106.110001;2;2
2010/07/08;107;107.279999;105.910004;107.160004;2;2
2010/07/09;107.129997;107.970001;106.93;107.959999;2;2
2010/07/12;107.599998;108.239998;107.150002;108.029999;2;2
2010/07/13;109.150002;110.089996;108.93;109.660004;2;2
2010/07/14;109.309998;110.080002;108.860001;109.650002;2;2
2010/07/15;109.610001;110.059998;108.169998;109.68;2;1
2010/07/16;109.089996;109.209999;106.449997;106.660004;2;4
2010/07/19;107.050003;107.629997;106.220001;107.290001;2;4
2010/07/20;105.870003;108.559998;105.82;108.480003;2;4
2010/07/21;109.040001;109.07;106.629997;107.07;2;4
2010/07/22;108.339996;109.940002;108.330002;109.459999;2;4
2010/07/23;109.239998;110.57;108.93;110.410004;2;4
2010/07/26;110.599998;111.669998;110.290001;111.559998;2;4
2010/07/27;112.169998;112.290001;111.110001;111.550003;2;4
2010/07/28;111.32;111.660004;110.459999;110.830002;2;4
2010/07/29;111.519997;111.82;109.410004;110.290001;2;4
2010/07/30;109.169998;110.860001;108.980003;110.269997;2;4
2010/08/02;111.989998;112.940002;111.540001;112.760002;2;4
2010/08/03;112.480003;112.769997;111.849998;112.220001;2;4
2010/08/04;112.529999;113.110001;112.160004;112.970001;2;4
2010/08/05;112.25;112.910004;112.080002;112.849998;2;4
2010/08/06;111.739998;112.57;110.919998;112.389999;2;4
2010/08/09;112.919998;113.18;112.32;112.989998;2;4
2010/08/10;112.029999;112.980003;111.370003;112.379997;2;4
2010/08/11;110.650002;110.690002;109.120003;109.300003;2;2
2010/08/12;107.650002;109.019997;107.599998;108.629997;2;2
2010/08/13;108.290001;108.959999;108.18;108.309998;2;2
2010/08/16;107.57;108.610001;107.18;108.260002;2;2
2010/08/17;109.190002;110.389999;108.879997;109.589996;2;2
2010/08/18;109.540001;110.379997;108.910004;109.790001;2;2
2010/08/19;109.220001;109.489998;107.43;107.879997;2;2
2010/08/20;107.559998;107.940002;106.75;107.529999;2;2
2010/08/23;108.040001;108.57;107.07;107.120003;2;2
2010/08/24;105.949997;106.389999;104.970001;105.529999;2;2
2010/08/25;104.949997;106.339996;104.290001;105.940002;2;2
2010/08/26;106.440002;106.580002;104.879997;105.230003;2;2
2010/08/27;105.889999;106.970001;104.309998;106.860001;2;2
2010/08/30;106.580002;106.910004;105.300003;105.309998;2;2
2010/08/31;104.919998;105.980003;104.489998;105.309998;2;2
2010/09/01;106.730003;108.610001;106.660004;108.459999;2;2
2010/09/02;108.720001;109.489998;108.489998;109.470001;2;1
2010/09/03;110.540001;110.989998;109.949997;110.889999;2;1
2010/09/07;110.370003;110.510002;109.550003;109.639999;2;1
2010/09/08;109.860001;110.849998;109.809998;110.410004;2;1
2010/09/09;111.650002;111.68;110.620003;110.919998;2;1
2010/09/10;111.120003;111.610001;110.870003;111.480003;2;1
2010/09/13;112.580002;112.949997;112.129997;112.720001;2;1
2010/09/14;112.5;113.290001;112.080002;112.650002;2;1
2010/09/15;112.32;113.209999;111.980003;113.080002;2;1
2010/09/16;112.730003;113.120003;112.349998;113.050003;2;1
2010/09/17;113.040001;113.150002;112.18;112.489998;2;1
2010/09/20;112.879997;114.459999;112.519997;114.209999;2;1
2010/09/21;114.300003;114.839996;113.510002;113.980003;2;1
2010/09/22;113.800003;114.440002;113.099998;113.419998;2;1
2010/09/23;112.489998;113.669998;112.18;112.5;2;2
2010/09/24;113.75;114.900002;113.650002;114.82;2;1
2010/09/27;114.860001;114.989998;114.160004;114.269997;2;2
2010/09/28;114.419998;115.040001;113.18;114.669998;2;1
2010/09/29;114.379997;114.910004;114.019997;114.470001;2;2
2010/09/30;115.050003;115.790001;113.589996;114.129997;2;2
2010/10/01;114.989998;115.120003;113.93;114.610001;2;2
2010/10/04;114.370003;114.849998;113.18;113.75;2;2
2010/10/05;114.800003;116.32;114.669998;116.040001;2;1
2010/10/06;116.019997;116.330002;115.559998;116.029999;2;1
2010/10/07;116.5;116.529999;115.190002;115.889999;2;1
2010/10/08;116.050003;116.860001;115.610001;116.540001;2;2
2010/10/11;116.720001;116.970001;116.25;116.650002;2;1
2010/10/12;116.269997;117.349998;115.650002;117.010002;2;1
2010/10/13;117.660004;118.550003;117.379997;117.919998;2;1
2010/10/14;117.809998;118.010002;116.720001;117.459999;2;1
2010/10/15;118.279999;118.349998;116.760002;117.699997;2;1
2010/10/18;117.739998;118.669998;117.309998;118.279999;2;1
2010/10/19;117.190002;117.849998;116.019997;116.730003;2;2
2010/10/20;116.940002;118.440002;116.870003;117.870003;2;2
2010/10/21;118.400002;119.089996;117.209999;118.129997;2;2
2010/10/22;118.309998;118.529999;118;118.349998;1;1
2010/10/25;119.139999;119.760002;118.610001;118.699997;1;1
2010/10/26;118.099998;118.839996;117.870003;118.720001;1;1
2010/10/27;117.889999;118.510002;117.260002;118.379997;1;1
2010/10/28;119.059998;119.110001;117.830002;118.400002;1;1
2010/10/29;118.279999;118.720001;118.07;118.489998;1;1
2010/11/01;119.07;119.75;117.849998;118.529999;1;1
2010/11/02;119.419998;119.75;119.099998;119.470001;1;1
2010/11/03;119.68;120.019997;118.449997;119.949997;1;1
2010/11/04;121.279999;122.32;119.970001;122.260002;1;1
2010/11/05;122.339996;122.919998;122.18;122.720001;1;1
2010/11/08;122.339996;122.690002;121.940002;122.489998;1;1
2010/11/09;122.82;122.949997;121.120003;121.610001;1;1
2010/11/10;121.580002;122.160004;120.660004;122.099998;1;1
2010/11/11;121.050003;121.82;120.68;121.639999;1;1
2010/11/12;120.82;121.349998;119.650002;120.199997;1;1
2010/11/15;120.580002;121.050003;119.980003;120.029999;1;1
2010/11/16;119.290001;119.489998;117.589996;118.160004;1;1
2010/11/17;118.209999;118.709999;117.860001;118.220001;1;1
2010/11/18;119.360001;120.389999;119.349998;119.959999;1;1
2010/11/19;119.900002;120.339996;119.25;120.290001;1;1
2010/11/22;119.690002;120.239998;118.769997;120.190002;1;1
2010/11/23;118.769997;119.019997;117.989998;118.449997;1;1
2010/11/24;119.199997;120.230003;119.18;120.199997;1;2
2010/11/26;119.160004;119.809998;118.800003;118.800003;1;4
2010/11/29;118.5;119.480003;117.739998;119.160004;1;4
2010/11/30;117.980003;119.169998;117.809998;118.489998;1;4
2010/12/01;120.199997;121.239998;120.190002;121.010002;1;1
2010/12/02;121.199997;122.650002;121.129997;122.559998;1;1
2010/12/03;122.139999;123.029999;122.110001;122.889999;1;1
2010/12/06;122.629997;123.040001;122.5;122.760002;1;1
2010/12/07;123.940002;124.010002;122.760002;122.830002;1;1
2010/12/08;122.980003;123.379997;122.410004;123.279999;1;1
2010/12/09;123.970001;124.019997;123.150002;123.760002;1;1
2010/12/10;124.139999;124.599998;123.730003;124.480003;1;1
2010/12/13;125.050003;125.199997;124.519997;124.559998;1;1
2010/12/14;124.75;125.230003;124.290001;124.669998;1;1
2010/12/15;124.440002;124.93;123.889999;124.099998;1;1
2010/12/16;124.18;124.910004;123.75;124.82;1;1
2010/12/17;124.080002;124.459999;123.82;124.300003;1;1
2010/12/20;124.639999;124.900002;123.980003;124.599998;1;1
2010/12/21;124.989998;125.470001;124.870003;125.389999;1;1
2010/12/22;125.480003;125.82;125.410004;125.779999;1;1
2010/12/23;125.639999;125.779999;125.290001;125.599998;1;1
2010/12/27;125.129997;125.769997;125.040001;125.650002;1;1
2010/12/28;125.900002;125.949997;125.5;125.830002;1;1
2010/12/29;125.980003;126.199997;125.900002;125.919998;1;1
2010/12/30;125.800003;126.129997;125.529999;125.720001;1;1
2010/12/31;125.529999;125.870003;125.330002;125.75;1;1
2011/01/03;126.709999;127.599998;125.699997;127.050003;1;1
2011/01/04;127.330002;127.370003;126.190002;126.980003;1;1
2011/01/05;126.580002;127.720001;126.459999;127.639999;1;1
2011/01/06;127.690002;127.830002;127.010002;127.389999;1;1
2011/01/07;127.559998;127.769997;126.150002;127.139999;1;1
2011/01/10;126.580002;127.160004;126.199997;126.980003;1;1
2011/01/11;127.440002;127.739998;126.949997;127.43;1;1
2011/01/12;128.210007;128.720001;127.459999;128.580002;1;1
2011/01/13;128.630005;128.690002;128.050003;128.369995;1;1
2011/01/14;128.190002;129.330002;128.100006;129.300003;1;1
2011/01/18;129.179993;129.639999;129.029999;129.520004;1;1
2011/01/19;129.410004;129.539993;127.910004;128.25;1;1
2011/01/20;127.959999;128.399994;127.129997;128.080002;1;1
2011/01/21;128.880005;129.169998;128.229996;128.369995;1;1
2011/01/24;128.289993;129.25;128.259995;129.100006;1;1
2011/01/25;128.759995;129.279999;128.110001;129.169998;1;1
2011/01/26;129.490005;130.050003;129.229996;129.669998;1;1
2011/01/27;129.699997;130.210007;129.470001;129.990005;1;1
2011/01/28;130.139999;130.350006;127.510002;127.720001;1;1
2011/01/31;128.070007;128.779999;127.75;128.679993;1;1
2011/02/01;129.460007;130.970001;129.380005;130.740005;1;1
2011/02/02;130.399994;130.839996;130.330002;130.490005;1;1
2011/02/03;130.259995;130.979996;129.570007;130.779999;1;1
2011/02/04;130.830002;131.199997;130.229996;131.149994;1;1
2011/02/07;131.440002;132.399994;131.429993;131.970001;1;1
2011/02/08;132.089996;132.639999;131.729996;132.570007;1;1
2011/02/09;132.210007;132.630005;131.610001;132.270004;1;1
2011/02/10;131.600006;132.470001;131.300003;132.320007;1;1
2011/02/11;131.800003;133.279999;131.770004;133.110001;1;1
2011/02/14;133.029999;133.539993;132.880005;133.429993;1;1
2011/02/15;133.020004;133.220001;132.320007;133.009995;1;1
2011/02/16;133.460007;134.009995;133.190002;133.850006;1;1
2011/02/17;133.460007;134.429993;133.339996;134.25;1;1
2011/02/18;134.369995;134.690002;134.059998;134.529999;1;1
2011/02/22;133.119995;134.559998;131.470001;131.830002;1;1
2011/02/23;131.75;132.070007;130.210007;131.020004;1;1
2011/02/24;130.880005;131.440002;129.699997;130.929993;1;1
2011/02/25;131.479996;132.410004;131.399994;132.330002;1;1
2011/02/28;132.820007;133.320007;132.380005;133.149994;1;1
2011/03/01;133.570007;133.690002;130.889999;130.929993;1;1
2011/03/02;130.75;131.820007;130.350006;131.210007;1;1
2011/03/03;132.399994;133.619995;132.389999;133.470001;1;1
2011/03/04;133.369995;133.630005;131.600006;132.470001;1;1
2011/03/07;132.860001;133.160004;130.740005;131.429993;1;2
2011/03/08;131.639999;133;131.070007;132.580002;1;1
2011/03/09;132.320007;132.800003;131.600006;132.389999;1;1
2011/03/10;131;131.179993;129.809998;129.940002;1;2
2011/03/11;129.520004;131.309998;129.490005;130.839996;1;2
2011/03/14;129.990005;130.479996;129.059998;130.050003;1;2
2011/03/15;126.589996;129.330002;126.5;128.559998;1;2
2011/03/16;128.149994;128.570007;125.279999;126.18;1;2
2011/03/17;128;128.389999;127.099998;127.849998;1;2
2011/03/18;128.839996;128.880005;127.510002;127.760002;1;2
2011/03/21;129.350006;130.009995;129.199997;129.740005;1;2
2011/03/22;129.720001;129.889999;129.169998;129.289993;1;2
2011/03/23;128.929993;130;128.320007;129.660004;1;2
2011/03/24;130.399994;131.089996;129.669998;130.899994;1;1
2011/03/25;131.240005;131.869995;130.889999;131.300003;1;1
2011/03/28;131.580002;131.919998;130.940002;130.979996;1;1
2011/03/29;130.869995;131.899994;130.440002;131.860001;1;1
2011/03/30;132.550003;133.160004;132.360001;132.770004;1;1
2011/03/31;132.600006;132.960007;132.449997;132.589996;1;1
2011/04/01;133.410004;133.770004;132.830002;133.149994;1;1
2011/04/04;133.429993;133.669998;132.880005;133.259995;1;1
2011/04/05;133;133.830002;132.940002;133.240005;1;1
2011/04/06;133.880005;134;133.119995;133.660004;1;1
2011/04/07;133.419998;133.979996;132.660004;133.320007;1;1
2011/04/08;133.910004;133.990005;132.309998;132.860001;1;1
2011/04/11;133;133.449997;132.139999;132.460007;1;1
2011/04/12;131.720001;131.979996;130.990005;131.470001;1;1
2011/04/13;132.080002;132.179993;130.960007;131.460007;1;1
2011/04/14;130.699997;131.759995;130.270004;131.559998;1;1
2011/04/15;131.800003;132.369995;131.410004;132.039993;1;1
2011/04/18;130.589996;132.029999;129.509995;130.559998;1;2
2011/04/19;130.759995;131.350006;130.440002;131.309998;1;2
2011/04/20;132.880005;133.389999;132.789993;133.100006;1;4
2011/04/21;133.789993;133.839996;133.100006;133.779999;1;1
2011/04/25;133.679993;133.860001;133.199997;133.639999;1;1
2011/04/26;134.050003;135.059998;133.910004;134.789993;1;1
2011/04/27;135.050003;135.869995;134.5;135.669998;1;1
2011/04/28;135.429993;136.289993;135.410004;136.110001;1;1
2011/04/29;136.160004;136.570007;135.979996;136.429993;1;1
2011/05/02;137.070007;137.179993;135.949997;136.220001;1;1
2011/05/03;135.960007;136.190002;135.039993;135.729996;1;1
2011/05/04;135.669998;135.729996;134.229996;134.830002;1;1
2011/05/05;134.080002;134.949997;133.020004;133.610001;1;1
2011/05/06;134.940002;135.630005;133.679993;134.199997;1;1
2011/05/09;134.190002;135.110001;133.979996;134.720001;1;1
2011/05/10;135.169998;136.110001;135;135.869995;1;1
2011/05/11;135.669998;135.690002;133.820007;134.440002;1;1
2011/05/12;134.080002;135.360001;133.389999;135.080002;1;1
2011/05/13;135.149994;135.339996;133.559998;134.039993;1;1
2011/05/16;133.559998;134.610001;132.970001;133.190002;1;1
2011/05/17;132.690002;133.350006;132.119995;133.169998;1;1
2011/05/18;133.240005;134.5;132.949997;134.360001;1;1
2011/05/19;134.800003;135.029999;133.940002;134.679993;1;1
2011/05/20;134.330002;134.679993;133.360001;133.610001;1;1
2011/05/23;131.979996;132.720001;131.589996;132.059998;1;2
2011/05/24;132.440002;132.729996;131.699997;131.949997;1;2
2011/05/25;131.419998;132.940002;131.380005;132.389999;1;2
2011/05/26;132.029999;133.240005;131.779999;133;1;2
2011/05/27;133.369995;133.869995;132.960007;133.509995;1;2
2011/05/31;134.770004;134.919998;133.839996;134.899994;1;1
2011/06/01;134.509995;134.919998;131.759995;131.869995;1;2
2011/06/02;131.960007;132.240005;130.960007;131.729996;1;4
2011/06/03;130.149994;131.419998;130.080002;130.419998;1;4
2011/06/06;130.089996;130.360001;128.869995;129.039993;1;4
2011/06/07;129.699997;130.070007;128.850006;128.960007;1;4
2011/06/08;128.759995;129.190002;128.179993;128.419998;1;4
2011/06/09;128.770004;129.929993;128.460007;129.399994;1;4
2011/06/10;128.850006;128.929993;127.260002;127.599998;1;4
2011/06/13;127.889999;128.240005;127.050003;127.699997;1;4
2011/06/14;128.869995;129.770004;128.820007;129.320007;1;4
2011/06/15;128.240005;129.300003;126.68;127.019997;1;4
2011/06/16;127.059998;127.970001;126.32;127.300003;1;4
2011/06/17;127.93;127.940002;126.620003;127.050003;1;4
2011/06/20;126.620003;127.970001;126.580002;127.699997;1;1
2011/06/21;128.360001;129.699997;127.75;129.449997;1;1
2011/06/22;129.050003;129.809998;128.589996;128.669998;1;1
2011/06/23;127.160004;128.639999;126.190002;128.300003;1;1
2011/06/24;128.270004;128.369995;126.620003;126.809998;1;1
2011/06/27;126.889999;128.429993;126.639999;127.940002;1;1
2011/06/28;128.449997;129.630005;128.270004;129.610001;1;1
2011/06/29;130.199997;130.929993;129.630005;130.720001;1;1
2011/06/30;131.139999;132.179993;130.710007;131.970001;1;1
2011/07/01;132.089996;134.100006;131.779999;133.919998;1;1
2011/07/05;133.779999;134.080002;133.389999;133.809998;1;1
2011/07/06;133.490005;134.139999;133.110001;133.970001;1;1
2011/07/07;135.160004;135.699997;134.880005;135.360001;1;1
2011/07/08;133.830002;135.360001;133.389999;134.399994;1;1
2011/07/11;132.75;133.179993;131.660004;131.970001;1;1
2011/07/12;131.690002;132.779999;131.360001;131.399994;1;1
2011/07/13;132.089996;133.220001;131.520004;131.839996;1;1
2011/07/14;132.169998;132.779999;130.679993;130.929993;1;1
2011/07/15;131.660004;131.869995;130.770004;131.690002;1;1
2011/07/18;131.080002;131.279999;129.630005;130.610001;1;2
2011/07/19;131.339996;132.889999;131.309998;132.729996;1;4
2011/07/20;133.070007;133.149994;132.419998;132.649994;1;4
2011/07/21;133.399994;134.820007;132.669998;134.490005;1;1
2011/07/22;134.520004;134.720001;133.759995;134.580002;1;1
2011/07/25;133.300003;134.490005;133.160004;133.830002;1;1
2011/07/26;133.740005;133.960007;133.029999;133.330002;1;1
2011/07/27;132.589996;132.630005;130.429993;130.600006;1;2
2011/07/28;130.600006;131.770004;130.009995;130.220001;1;2
2011/07/29;128.910004;130.550003;127.970001;129.330002;1;2
2011/08/01;130.839996;130.960007;127.529999;128.779999;1;2
2011/08/02;127.809998;128.5;125.489998;125.489998;1;2
2011/08/03;125.660004;126.309998;123.529999;126.169998;1;2
2011/08/04;124.419998;124.620003;120.059998;120.260002;1;2
2011/08/05;121.760002;122.07;116.860001;120.080002;1;2
2011/08/08;116.910004;120.120003;112.019997;112.260002;1;2
2011/08/09;114.07;117.639999;110.269997;117.480003;1;2
2011/08/10;115.260002;116.279999;111.949997;112.290001;1;2
2011/08/11;113.260002;118.919998;112.32;117.330002;1;2
2011/08/12;118.400002;119.209999;117.279999;118.120003;2;2
2011/08/15;119.190002;120.739998;119;120.620003;2;2
2011/08/16;119.470001;120.690002;118.309998;119.589996;2;2
2011/08/17;120.25;121.199997;118.720001;119.669998;2;2
2011/08/18;116.5;119.709999;113.389999;114.510002;2;2
2011/08/19;112.959999;115.879997;112.5;112.639999;2;2
2011/08/22;115.169998;115.230003;112.410004;112.730003;2;2
2011/08/23;113.150002;116.57;112.580002;116.440002;2;2
2011/08/24;116.190002;118.239998;115.919998;118.080002;2;1
2011/08/25;118.730003;119.400002;115.870003;116.279999;2;2
2011/08/26;115.690002;118.510002;113.849998;117.970001;2;2
2011/08/29;119.559998;121.43;118.059998;121.360001;2;1
2011/08/30;120.830002;122.43;119.260002;121.68;2;1
2011/08/31;122.459999;123.510002;121.300003;122.220001;2;1
2011/09/01;122.290001;123.400002;120.779999;120.940002;2;1
2011/09/02;118.419998;120.870003;117.43;117.849998;2;1
2011/09/06;114.389999;117.160004;114.379997;116.989998;2;4
2011/09/07;118.760002;120.339996;118.360001;120.290001;2;4
2011/09/08;119.57;120.940002;118.769997;119.040001;2;4
2011/09/09;117.68;119.059998;115.279999;115.919998;2;2
2011/09/12;114.470001;116.760002;114.050003;116.669998;2;2
2011/09/13;117.050003;118.18;116.220001;117.739998;2;2
2011/09/14;118.339996;120.800003;116.720001;119.370003;2;2
2011/09/15;120.650002;121.470001;119.400002;121.43;2;4
2011/09/16;121.290001;121.970001;120.32;121.519997;2;1
2011/09/19;119.529999;120.93;118.720001;120.309998;2;1
2011/09/20;120.82;121.989998;120.010002;120.169998;2;1
2011/09/21;120.230003;120.599998;116.440002;116.629997;2;2
2011/09/22;113.25;114.209999;111.300003;112.860001;2;2
2011/09/23;112.110001;114.160004;112.019997;113.540001;2;2
2011/09/26;114.610001;116.400002;112.980003;116.239998;2;2
2011/09/27;118.529999;119.559998;116.839996;117.540001;2;1
2011/09/28;117.779999;118.489998;114.970001;115.139999;2;2
2011/09/29;117.050003;117.629997;113.93;116.050003;2;2
2011/09/30;114.449997;115.449997;113.07;113.150002;2;2
2011/10/03;112.489998;113.949997;109.809998;109.93;2;2
2011/10/04;108.349998;112.580002;107.43;112.339996;2;2
2011/10/05;112.620003;114.720001;111.580002;114.419998;2;2
2011/10/06;114.360001;116.660004;113.510002;116.489998;2;2
2011/10/07;117.169998;117.25;115.059998;115.709999;2;2
2011/10/10;117.68;119.629997;117.669998;119.580002;2;1
2011/10/11;118.870003;120.040001;118.75;119.699997;2;1
2011/10/12;120.599998;122.139999;120.330002;120.75;2;1
2011/10/13;120.040001;120.870003;119.120003;120.510002;2;1
2011/10/14;121.910004;122.599998;121.230003;122.57;2;1
2011/10/17;121.989998;122.550003;119.93;120.230003;2;1
2011/10/18;120.139999;123.5;119.199997;122.580002;2;1
2011/10/19;122.379997;123.080002;120.709999;121.129997;2;1
2011/10/20;121.43;122.099998;119.82;121.660004;2;1
2011/10/21;123.089996;124.120003;122.720001;123.970001;2;1
2011/10/24;124.169998;125.800003;124.059998;125.489998;2;1
2011/10/25;124.889999;124.949997;122.779999;123.050003;2;1
2011/10/26;124.349998;124.769997;122.209999;124.300003;2;1
2011/10/27;127.629997;129.419998;126.610001;128.630005;2;1
2011/10/28;128;128.850006;127.800003;128.600006;2;1
2011/10/31;127.160004;128.619995;125.32;125.5;2;1
2011/11/01;122.029999;123.510002;121.519997;122;2;2
2011/11/02;123.830002;124.400002;122.790001;123.989998;2;2
2011/11/03;125.269997;126.5;123.599998;126.25;2;2
2011/11/04;125.230003;125.699997;124.010002;125.480003;2;2
2011/11/07;125.389999;126.389999;124.199997;126.260002;2;2
2011/11/08;126.919998;128.020004;125.709999;127.879997;2;1
2011/11/09;124.889999;125.800003;122.860001;123.160004;2;2
2011/11/10;124.790001;124.940002;123.019997;124.32;2;2
2011/11/11;125.830002;126.989998;125.790001;126.660004;2;4
2011/11/14;126.190002;127.449997;124.919998;125.459999;2;4
2011/11/15;125.169998;126.75;124.720001;126.080002;2;1
2011/11/16;124.809998;126.339996;123.900002;124.080002;2;4
2011/11/17;123.849998;124.160004;121.230003;122.110001;2;2
2011/11/18;122.5;122.75;121.470001;121.980003;2;2
2011/11/21;120.199997;120.349998;118.650002;119.660004;2;2
2011/11/22;119.400002;120.099998;118.519997;119.190002;2;2
2011/11/23;118.07;119.190002;116.559998;116.559998;2;2
2011/11/25;116.379997;117.699997;116.199997;116.339996;2;2
2011/11/28;119.540001;120.18;118.82;119.709999;2;2
2011/11/29;120.050003;121;119.610001;120.050003;2;2
2011/11/30;123.489998;125.220001;120;124.989998;2;2
2011/12/01;124.849998;125.639999;124.43;124.970001;2;1
2011/12/02;126.120003;126.5;124.779999;124.860001;2;1
2011/12/05;126.839996;127.18;125.440002;126.220001;2;1
2011/12/06;126.209999;127.110001;125.760002;126.260002;2;1
2011/12/07;125.839996;127.260002;124.970001;126.730003;2;1
2011/12/08;125.900002;126.18;123.650002;123.949997;2;1
2011/12/09;124.510002;126.370003;124.400002;126.050003;2;1
2011/12/12;124.949997;124.970001;123.160004;124.209999;2;1
2011/12/13;124.860001;125.57;122.449997;123.050003;2;1
2011/12/14;122.559998;123.029999;121.470001;121.739998;2;2
2011/12/15;123.029999;123.199997;121.989998;122.18;2;2
2011/12/16;122.230003;122.949997;121.300003;121.589996;2;2
2011/12/19;122.059998;122.32;120.029999;120.290001;2;2
2011/12/20;122.18;124.139999;120.370003;123.93;2;4
2011/12/21;123.93;124.360001;122.75;124.169998;2;4
2011/12/22;124.629997;125.400002;124.230003;125.269997;2;4
2011/12/23;125.669998;126.43;125.410004;126.389999;2;4
2011/12/27;126.169998;126.82;126.059998;126.489998;2;1
2011/12/28;126.510002;126.529999;124.730003;124.830002;2;2
2011/12/29;125.239998;126.25;124.860001;126.120003;2;1
2011/12/30;126.019997;126.330002;125.5;125.5;2;1
2012/01/03;127.760002;128.380005;127.43;127.5;2;1
2012/01/04;127.199997;127.809998;126.709999;127.699997;2;1
2012/01/05;127.010002;128.229996;126.43;128.039993;2;1
2012/01/06;128.199997;128.220001;127.290001;127.709999;2;1
2012/01/09;128;128.179993;127.410004;128.020004;2;1
2012/01/10;129.389999;129.649994;128.949997;129.130005;2;1
2012/01/11;128.729996;129.369995;128.520004;129.199997;2;1
2012/01/12;129.570007;129.699997;128.539993;129.509995;2;1
2012/01/13;128.639999;129.050003;127.720001;128.839996;2;1
2012/01/17;130.080002;130.320007;128.899994;129.339996;2;1
2012/01/18;129.309998;130.839996;129.080002;130.770004;2;1
2012/01/19;131.220001;131.570007;130.800003;131.460007;2;1
2012/01/20;131.240005;131.949997;130.919998;131.949997;2;1
2012/01/23;131.509995;132.25;130.979996;131.610001;2;1
2012/01/24;130.800003;131.5;130.600006;131.460007;2;1
2012/01/25;131.259995;132.869995;130.75;132.559998;2;1
2012/01/26;133.149994;133.399994;131.360001;131.880005;2;2
2012/01/27;131.240005;132.050003;131.149994;131.820007;2;2
2012/01/30;130.509995;131.440002;130.059998;131.369995;2;2
2012/01/31;132.020004;132.179993;130.679993;131.320007;1;1
2012/02/01;132.289993;133.139999;132.130005;132.470001;1;1
2012/02/02;132.729996;133.020004;132.210007;132.679993;1;1
2012/02/03;134;134.619995;133.770004;134.539993;1;1
2012/02/06;133.979996;134.509995;133.830002;134.449997;1;1
2012/02/07;134.169998;135.020004;133.639999;134.789993;1;1
2012/02/08;134.860001;135.220001;134.309998;135.190002;1;1
2012/02/09;135.410004;135.589996;134.559998;135.360001;1;1
2012/02/10;134.160004;134.470001;133.839996;134.360001;1;1
2012/02/13;135.320007;135.520004;134.740005;135.360001;1;1
2012/02/14;135;135.270004;134.25;135.190002;1;1
2012/02/15;135.630005;135.830002;134.289993;134.559998;1;1
2012/02/16;134.570007;136.169998;134.330002;136.050003;1;1
2012/02/17;136.520004;136.630005;135.960007;136.410004;1;1
2012/02/21;136.729996;137.050003;136.050003;136.470001;1;1
2012/02/22;136.259995;136.550003;135.789993;136.029999;1;1
2012/02/23;135.960007;136.729996;135.5;136.630005;1;1
2012/02/24;136.929993;137.199997;136.630005;136.929993;1;1
2012/02/27;136.020004;137.529999;135.800003;137.160004;1;1
2012/02/28;137.199997;137.720001;136.929993;137.559998;1;1
2012/02/29;137.759995;138.190002;136.539993;137.020004;1;1
2012/03/01;137.309998;137.990005;136.929993;137.729996;1;1
2012/03/02;137.639999;137.820007;137;137.309998;1;1
2012/03/05;137.100006;137.199997;136.279999;136.75;1;1
2012/03/06;135.350006;135.429993;134.360001;134.75;1;1
2012/03/07;135.059998;135.910004;134.929993;135.690002;1;1
2012/03/08;136.520004;137.320007;136.240005;137.039993;1;1
2012/03/09;137.300003;137.929993;137.130005;137.570007;1;1
2012/03/12;137.550003;137.759995;137.089996;137.580002;1;1
2012/03/13;138.320007;140.130005;138.089996;140.059998;1;1
2012/03/14;140.100006;140.449997;139.479996;139.910004;1;1
2012/03/15;140.119995;140.779999;139.759995;140.720001;1;1
2012/03/16;140.360001;140.479996;140;140.300003;1;1
2012/03/19;140.210007;141.279999;140.110001;140.850006;1;1
2012/03/20;140.050003;140.610001;139.639999;140.440002;1;1
2012/03/21;140.520004;140.649994;139.919998;140.210007;1;1
2012/03/22;139.179993;139.550003;138.740005;139.199997;1;1
2012/03/23;139.320007;139.809998;138.550003;139.649994;1;1
2012/03/26;140.649994;141.610001;140.600006;141.610001;1;1
2012/03/27;141.740005;141.830002;141.080002;141.169998;1;1
2012/03/28;141.100006;141.320007;139.639999;140.470001;1;1
2012/03/29;139.639999;140.490005;139.089996;140.229996;1;1
2012/03/30;140.919998;141.050003;140.050003;140.809998;1;1
2012/04/02;140.639999;142.210007;140.360001;141.839996;1;1
2012/04/03;141.639999;141.880005;140.429993;141.259995;1;1
2012/04/04;140.220001;140.339996;139.339996;139.860001;1;1
2012/04/05;139.380005;140.199997;139.259995;139.789993;1;1
2012/04/09;138.029999;139.839996;137.839996;138.220001;1;1
2012/04/10;137.949997;138.339996;135.759995;135.899994;1;1
2012/04/11;137.289993;137.539993;136.75;137;1;1
2012/04/12;137.130005;138.899994;137.029999;138.789993;1;1
2012/04/13;138.470001;138.820007;137.009995;137.139999;1;2
2012/04/16;137.839996;138.039993;136.580002;137.050003;1;2
2012/04/17;137.839996;139.360001;137.699997;139.080002;1;4
2012/04/18;138.460007;139.080002;138.380005;138.610001;1;4
2012/04/19;138.630005;139.149994;137.070007;137.720001;1;4
2012/04/20;138.330002;138.830002;137.869995;137.949997;1;4
2012/04/23;136.539993;136.910004;135.940002;136.789993;1;4
2012/04/24;136.910004;137.660004;136.800003;137.309998;1;4
2012/04/25;138.649994;139.25;138.529999;139.190002;1;1
2012/04/26;138.889999;140.320007;138.809998;140.160004;1;1
2012/04/27;140.580002;140.789993;139.800003;140.389999;1;1
2012/04/30;140.110001;140.210007;139.490005;139.869995;1;1
2012/05/01;139.789993;141.660004;139.630005;140.740005;1;1
2012/05/02;139.919998;140.460007;139.460007;140.320007;1;1
2012/05/03;140.339996;140.449997;138.990005;139.25;1;4
2012/05/04;138.520004;139.300003;136.919998;137;1;2
2012/05/07;136.509995;137.559998;136.460007;137.100006;1;2
2012/05/08;136.279999;136.770004;134.919998;136.550003;1;2
2012/05/09;135.100006;136.610001;134.490005;135.740005;1;2
2012/05/10;136.679993;136.850006;135.710007;136.020004;1;2
2012/05/11;135.169998;136.869995;135.110001;135.610001;1;2
2012/05/14;134.309998;135.610001;133.910004;134.110001;1;2
2012/05/15;134.020004;134.809998;133.130005;133.339996;1;2
2012/05/16;133.940002;134.550003;132.800003;132.830002;1;2
2012/05/17;132.860001;133.020004;130.789993;130.860001;1;2
2012/05/18;131.369995;131.600006;129.550003;129.740005;1;2
2012/05/21;130.160004;132.020004;129.949997;131.970001;1;2
2012/05/22;132.309998;133.229996;131.339996;132.199997;1;2
2012/05/23;131.25;132.460007;129.990005;132.270004;1;1
2012/05/24;132.630005;132.839996;131.419998;132.529999;1;1
2012/05/25;132.479996;132.850006;131.779999;132.100006;1;1
2012/05/29;133.160004;133.929993;131.169998;133.699997;1;1
2012/05/30;132.559998;133.690002;131.490005;131.759995;1;1
2012/05/31;131.710007;132.449997;130.339996;131.470001;1;1
2012/06/01;129.410004;131.5;128.160004;128.160004;1;2
2012/06/04;128.389999;128.740005;127.139999;128.100006;1;1
2012/06/05;127.849998;129.259995;127.779999;129.070007;1;2
2012/06/06;129.970001;132.029999;129.929993;131.970001;1;1
2012/06/07;133.470001;133.529999;131.779999;132.050003;1;1
2012/06/08;131.710007;133.130005;131.289993;133.100006;1;1
2012/06/11;134.169998;134.25;131.279999;131.410004;1;1
2012/06/12;131.789993;133.009995;131.160004;132.919998;1;1
2012/06/13;132.529999;133.360001;131.619995;132.070007;1;1
2012/06/14;132.339996;134;131.979996;133.470001;1;1
2012/06/15;133.380005;134.259995;133.100006;134.139999;1;1
2012/06/18;133.580002;134.729996;133.279999;134.399994;1;1
2012/06/19;135.080002;136.25;134.369995;135.699997;1;1
2012/06/20;135.710007;136.100006;134.270004;135.479996;1;1
2012/06/21;135.639999;135.779999;132.330002;132.440002;1;1
2012/06/22;133.130005;133.710007;132.619995;133.460007;1;1
2012/06/25;132.050003;132.100006;130.850006;131.320007;1;1
2012/06/26;131.699997;132.380005;130.929993;131.979996;1;2
2012/06/27;132.419998;133.429993;131.970001;133.169998;1;1
2012/06/28;132.289993;132.990005;131.279999;132.789993;1;2
2012/06/29;135.199997;136.270004;134.850006;136.100006;1;1
2012/07/02;136.479996;136.649994;135.520004;136.509995;1;1
2012/07/03;136.479996;137.509995;136.339996;137.410004;1;1
2012/07/05;136.899994;137.800003;136.289993;136.789993;1;1
2012/07/06;135.470001;135.770004;134.850006;135.490005;1;1
2012/07/09;135.380005;135.570007;134.699997;135.320007;1;1
2012/07/10;136.009995;136.229996;133.679993;134.139999;1;1
2012/07/11;134.210007;134.600006;133.380005;134.160004;1;1
2012/07/12;133.380005;134.229996;132.600006;133.509995;1;1
2012/07/13;133.860001;135.889999;133.839996;135.75;1;4
2012/07/16;135.440002;135.830002;134.899994;135.429993;1;4
2012/07/17;135.970001;136.639999;134.550003;136.360001;1;4
2012/07/18;136.039993;137.639999;135.960007;137.369995;1;4
2012/07/19;137.649994;138.179993;137.210007;137.729996;1;4
2012/07/20;136.949997;137.160004;136.320007;136.470001;1;4
2012/07/23;134.470001;136.380005;133.839996;135.089996;1;4
2012/07/24;135.190002;135.25;133.029999;133.929993;1;4
2012/07/25;134.210007;134.559998;133.25;133.960007;1;4
2012/07/26;135.889999;136.460007;135.259995;136.169998;1;1
2012/07/27;136.889999;139.070007;136.139999;138.679993;1;1
2012/07/30;138.520004;139.339996;138.270004;138.679993;1;1
2012/07/31;138.490005;138.869995;137.710007;137.710007;1;1
2012/08/01;138.699997;138.729996;137.399994;137.589996;1;1
2012/08/02;136.550003;137.570007;135.580002;136.639999;1;1
2012/08/03;138.559998;139.639999;136.679993;139.350006;1;1
2012/08/06;139.720001;140.169998;139.559998;139.619995;1;1
2012/08/07;140.179993;140.919998;140.029999;140.320007;1;1
2012/08/08;139.850006;140.649994;139.809998;140.490005;1;1
2012/08/09;140.289993;140.889999;140.149994;140.610001;1;1
2012/08/10;140.039993;140.889999;139.809998;140.839996;1;1
2012/08/13;140.600006;140.839996;140.039993;140.770004;1;1
2012/08/14;141.289993;141.380005;140.369995;140.789993;1;1
2012/08/15;140.639999;141.190002;140.550003;140.949997;1;1
2012/08/16;141.149994;142.160004;140.800003;141.990005;1;1
2012/08/17;142.229996;142.300003;141.860001;142.179993;1;1
2012/08/20;141.979996;142.220001;141.589996;142.190002;1;1
2012/08/21;142.539993;143.089996;141.449997;141.759995;1;1
2012/08/22;141.399994;142.050003;141.070007;141.820007;1;1
2012/08/23;141.470001;141.479996;140.440002;140.660004;1;1
2012/08/24;140.309998;141.830002;140.220001;141.509995;1;1
2012/08/27;141.889999;142.080002;141.339996;141.539993;1;1
2012/08/28;141.179993;141.839996;140.970001;141.399994;1;1
2012/08/29;141.520004;141.889999;141.119995;141.509995;1;1
2012/08/30;140.899994;140.940002;140.190002;140.490005;1;1
2012/08/31;141.289993;141.820007;140.360001;141.160004;1;1
2012/09/04;141.039993;141.460007;140.130005;141.029999;1;1
2012/09/05;141.089996;141.470001;140.630005;140.910004;1;1
2012/09/06;141.759995;143.779999;141.75;143.770004;1;1
2012/09/07;144.009995;144.389999;143.880005;144.330002;1;1
2012/09/10;144.190002;144.440002;143.460007;143.509995;1;1
2012/09/11;143.600006;144.369995;143.559998;143.910004;1;1
2012/09/12;144.389999;144.550003;143.899994;144.389999;1;1
2012/09/13;144.369995;147.039993;143.990005;146.589996;1;1
2012/09/14;146.880005;148.110001;146.759995;147.240005;1;1
2012/09/17;146.940002;147.190002;146.369995;146.740005;1;1
2012/09/18;146.490005;146.809998;146.25;146.619995;1;1
2012/09/19;146.789993;147.169998;146.410004;146.699997;1;1
2012/09/20;146.029999;146.789993;145.630005;146.710007;1;1
2012/09/21;146.639999;146.669998;145.809998;145.869995;1;1
2012/09/24;145.149994;145.979996;145.039993;145.649994;1;1
2012/09/25;145.960007;146.240005;144.059998;144.100006;1;1
2012/09/26;144.070007;144.110001;142.949997;143.289993;1;1
2012/09/27;143.889999;144.970001;143.509995;144.639999;1;1
2012/09/28;144.089996;144.559998;143.460007;143.970001;1;1
2012/10/01;144.520004;145.690002;144.009995;144.350006;1;1
2012/10/02;144.919998;145.149994;143.830002;144.5;1;1
2012/10/03;144.889999;145.429993;144.130005;145.089996;1;1
2012/10/04;145.639999;146.339996;145.440002;146.130005;1;1
2012/10/05;146.910004;147.160004;145.699997;146.139999;1;1
2012/10/08;145.600006;146.119995;145.309998;145.639999;1;1
2012/10/09;145.529999;145.649994;144.149994;144.199997;1;1
2012/10/10;144.179993;144.320007;143.089996;143.279999;1;1
2012/10/11;144.279999;144.490005;143.330002;143.360001;1;2
2012/10/12;143.460007;143.949997;142.580002;142.889999;1;2
2012/10/15;143.229996;144.229996;142.770004;144.080002;1;2
2012/10/16;144.759995;145.639999;144.660004;145.539993;1;2
2012/10/17;145.639999;146.320007;145.419998;146.199997;1;2
2012/10/18;145.820007;146.520004;145.330002;145.820007;1;2
2012/10/19;145.550003;145.559998;143.050003;143.389999;1;2
2012/10/22;143.149994;143.669998;142.279999;143.410004;1;4
2012/10/23;141.860001;142.059998;140.830002;141.419998;1;4
2012/10/24;141.929993;142.100006;140.800003;141.020004;1;4
2012/10/25;142.020004;142.279999;140.570007;141.429993;1;4
2012/10/26;141.300003;141.839996;140.389999;141.350006;1;4
2012/10/31;141.850006;142.029999;140.679993;141.350006;1;4
2012/11/01;141.649994;143.009995;141.520004;142.830002;1;4
2012/11/02;143.679993;143.720001;141.410004;141.559998;1;4
2012/11/05;141.350006;142.169998;140.929993;141.850006;1;4
2012/11/06;142.279999;143.520004;142.130005;142.960007;1;4
2012/11/07;141.660004;141.679993;139.059998;139.720001;1;4
2012/11/08;139.699997;140.410004;137.929993;138.039993;1;4
2012/11/09;137.619995;139.440002;137.550003;138.160004;1;4
2012/11/12;138.589996;138.809998;137.960007;138.270004;1;4
2012/11/13;137.539993;139.25;137.360001;137.789993;1;4
2012/11/14;138.210007;138.429993;135.619995;135.929993;1;4
2012/11/15;135.979996;136.490005;135.179993;135.699997;1;4
2012/11/16;135.899994;136.639999;134.699997;136.369995;1;4
2012/11/19;137.899994;139.149994;136.410004;139.130005;1;1
2012/11/20;138.910004;139.419998;138.080002;139.190002;1;2
2012/11/21;139.309998;139.570007;139.029999;139.449997;1;1
2012/11/23;140.130005;141.399994;140.039993;141.350006;1;1
2012/11/26;140.649994;141.360001;140.190002;141.050003;1;1
2012/11/27;140.910004;141.389999;140.240005;140.330002;1;1
2012/11/28;139.759995;141.539993;139;141.460007;1;1
2012/11/29;141.990005;142.509995;141.369995;142.119995;1;1
2012/11/30;142.139999;142.419998;141.660004;142.149994;1;1
2012/12/03;142.800003;142.919998;141.339996;141.449997;1;1
2012/12/04;141.440002;141.869995;140.869995;141.25;1;1
2012/12/05;141.369995;142.160004;140.369995;141.5;1;1
2012/12/06;141.369995;142.039993;141.160004;141.979996;1;1
2012/12/07;142.529999;142.690002;141.669998;142.410004;1;1
2012/12/10;142.210007;142.809998;142.149994;142.470001;1;1
2012/12/11;143.059998;144.110001;142.990005;143.440002;1;1
2012/12/12;144;144.550003;143.309998;143.509995;1;1
2012/12/13;143.419998;143.830002;142.270004;142.630005;1;1
2012/12/14;142.320007;142.580002;141.880005;142.100006;1;2
2012/12/17;142.470001;143.850006;142.429993;143.770004;1;1
2012/12/18;144;145.5;143.789993;145.369995;1;1
2012/12/19;145.529999;145.580002;144.240005;144.289993;1;1
2012/12/20;144.380005;145.139999;143.979996;145.119995;1;1
2012/12/21;142.169998;144.089996;141.940002;142.789993;1;1
2012/12/24;142.479996;142.559998;142.190002;142.350006;1;1
2012/12/26;142.639999;142.710007;141.350006;141.75;1;2
2012/12/27;141.789993;142.080002;139.919998;141.559998;1;2
2012/12/28;140.639999;141.419998;139.869995;140.029999;1;2
2012/12/31;139.660004;142.559998;139.539993;142.410004;1;1
2013/01/02;145.110001;146.149994;144.729996;146.059998;1;4
2013/01/03;145.990005;146.369995;145.339996;145.729996;1;4
2013/01/04;145.970001;146.610001;145.669998;146.369995;1;4
2013/01/07;145.850006;146.110001;145.429993;145.970001;1;4
2013/01/08;145.710007;145.910004;144.979996;145.550003;1;1
2013/01/09;145.869995;146.320007;145.639999;145.919998;1;1
2013/01/10;146.729996;147.089996;145.970001;147.080002;1;1
2013/01/11;147.039993;147.149994;146.610001;147.070007;1;1
2013/01/14;146.889999;147.070007;146.429993;146.970001;1;1
2013/01/15;146.289993;147.210007;146.199997;147.070007;1;1
2013/01/16;146.770004;147.279999;146.610001;147.050003;1;1
2013/01/17;147.699997;148.419998;147.149994;148;1;1
2013/01/18;147.970001;148.490005;147.429993;148.330002;1;1
2013/01/22;148.330002;149.130005;147.979996;149.130005;1;1
2013/01/23;149.130005;149.5;148.860001;149.369995;1;1
2013/01/24;149.149994;150.139999;149.009995;149.410004;1;1
2013/01/25;149.880005;150.25;149.369995;150.25;1;1
2013/01/28;150.289993;150.330002;149.509995;150.070007;1;1
2013/01/29;149.770004;150.850006;149.669998;150.660004;1;1
2013/01/30;150.639999;150.940002;149.929993;150.070007;1;1
2013/01/31;149.889999;150.380005;149.600006;149.699997;1;1
2013/02/01;150.649994;151.419998;150.389999;151.240005;1;1
2013/02/04;150.320007;151.270004;149.429993;149.539993;1;1
2013/02/05;150.350006;151.479996;150.289993;151.050003;1;1
2013/02/06;150.520004;151.259995;150.410004;151.160004;1;1
2013/02/07;151.210007;151.350006;149.860001;150.960007;1;1
2013/02/08;151.220001;151.889999;151.220001;151.800003;1;1
2013/02/11;151.740005;151.899994;151.389999;151.770004;1;1
2013/02/12;151.779999;152.300003;151.610001;152.020004;1;1
2013/02/13;152.330002;152.610001;151.720001;152.149994;1;1
2013/02/14;151.690002;152.470001;151.520004;152.289993;1;1
2013/02/15;152.429993;152.589996;151.550003;152.110001;1;1
2013/02/19;152.369995;153.279999;152.160004;153.25;1;1
2013/02/20;153.139999;153.190002;151.259995;151.339996;1;1
2013/02/21;150.960007;151.419998;149.940002;150.419998;1;1
2013/02/22;151.149994;151.889999;150.490005;151.889999;1;1
2013/02/25;152.630005;152.860001;149;149;1;1
2013/02/26;149.720001;150.199997;148.729996;150.020004;1;1
2013/02/27;149.889999;152.330002;149.759995;151.910004;1;1
2013/02/28;151.899994;152.869995;151.410004;151.610001;1;1
2013/03/01;151.089996;152.339996;150.410004;152.110001;1;1
2013/03/04;151.759995;152.919998;151.520004;152.919998;1;1
2013/03/05;153.660004;154.699997;153.639999;154.289993;1;1
2013/03/06;154.839996;154.919998;154.160004;154.5;1;1
2013/03/07;154.699997;154.979996;154.520004;154.779999;1;1
2013/03/08;155.460007;155.649994;154.660004;155.440002;1;1
2013/03/11;155.320007;156.039993;155.130005;156.029999;1;1
2013/03/12;155.919998;156.100006;155.210007;155.679993;1;1
2013/03/13;155.759995;156.119995;155.229996;155.899994;1;1
2013/03/14;156.309998;156.800003;155.910004;156.729996;1;1
2013/03/15;155.850006;156.039993;155.309998;155.830002;1;1
2013/03/18;154.339996;155.639999;154.199997;154.970001;1;1
2013/03/19;155.300003;155.509995;153.589996;154.610001;1;1
2013/03/20;155.520004;155.949997;155.259995;155.690002;1;1
2013/03/21;154.759995;155.639999;154.100006;154.360001;1;1
2013/03/22;154.850006;155.600006;154.729996;155.600006;1;1
2013/03/25;156.009995;156.270004;154.350006;154.949997;1;1
2013/03/26;155.589996;156.229996;155.419998;156.190002;1;1
2013/03/27;155.259995;156.240005;155;156.190002;1;1
2013/03/28;156.089996;156.850006;155.75;156.669998;1;1
2013/04/01;156.589996;156.910004;155.669998;156.050003;1;1
2013/04/02;156.610001;157.210007;156.369995;156.820007;1;1
2013/04/03;156.910004;157.029999;154.820007;155.229996;1;1
2013/04/04;155.429993;156.169998;155.089996;155.860001;1;1
2013/04/05;153.949997;155.350006;153.770004;155.160004;1;1
2013/04/08;155.270004;156.220001;154.75;156.210007;1;1
2013/04/09;156.5;157.320007;155.979996;156.75;1;1
2013/04/10;157.169998;158.869995;157.130005;158.669998;1;1
2013/04/11;158.699997;159.710007;158.539993;159.190002;1;1
2013/04/12;158.679993;159.039993;157.919998;158.800003;1;1
2013/04/15;158;158.130005;155.100006;155.119995;1;1
2013/04/16;156.289993;157.490005;155.910004;157.410004;1;1
2013/04/17;156.289993;156.320007;154.279999;155.110001;1;1
2013/04/18;155.369995;155.410004;153.550003;154.139999;1;1
2013/04/19;154.5;155.550003;154.119995;155.479996;1;1
2013/04/22;155.779999;156.539993;154.75;156.169998;1;1
2013/04/23;156.949997;157.929993;156.169998;157.779999;1;2
2013/04/24;157.830002;158.300003;157.539993;157.880005;1;2
2013/04/25;158.339996;159.270004;158.100006;158.520004;1;2
2013/04/26;158.330002;158.600006;157.729996;158.240005;1;2
2013/04/29;158.669998;159.649994;158.419998;159.300003;1;1
2013/04/30;159.270004;159.720001;158.610001;159.679993;1;1
2013/05/01;159.330002;159.410004;158.100006;158.279999;1;1
2013/05/02;158.679993;159.889999;158.529999;159.75;1;1
2013/05/03;161.139999;161.880005;159.779999;161.369995;1;1
2013/05/06;161.490005;162.009995;161.419998;161.779999;1;1
2013/05/07;162.130005;162.649994;161.669998;162.600006;1;1
2013/05/08;162.419998;163.389999;162.330002;163.339996;1;1
2013/05/09;163.270004;163.699997;162.470001;162.880005;1;1
2013/05/10;162.990005;163.550003;162.509995;163.410004;1;1
2013/05/13;163.199997;163.809998;162.820007;163.539993;1;1
2013/05/14;163.669998;165.350006;163.669998;165.229996;1;1
2013/05/15;164.960007;166.449997;164.910004;166.119995;1;1
2013/05/16;165.779999;166.360001;165.089996;165.339996;1;1
2013/05/17;165.949997;167.039993;165.729996;166.940002;1;1
2013/05/20;166.779999;167.580002;166.610001;166.929993;1;1
2013/05/21;167.080002;167.800003;166.5;167.169998;1;1
2013/05/22;167.339996;169.070007;165.169998;165.929993;1;1
2013/05/23;164.160004;165.910004;163.940002;165.449997;1;1
2013/05/24;164.470001;165.380005;163.979996;165.309998;1;1
2013/05/28;167.039993;167.779999;165.809998;166.300003;1;1
2013/05/29;165.419998;165.800003;164.339996;165.220001;1;1
2013/05/30;165.350006;166.589996;165.220001;165.830002;1;1
2013/05/31;165.369995;166.309998;163.130005;163.449997;1;1
2013/06/03;163.830002;164.460007;162.660004;164.350006;1;1
2013/06/04;164.440002;165.100006;162.729996;163.559998;1;1
2013/06/05;163.089996;163.419998;161.130005;161.270004;1;2
2013/06/06;161.199997;162.740005;160.25;162.729996;1;2
2013/06/07;163.850006;164.949997;163.139999;164.800003;1;4
2013/06/10;165.309998;165.399994;164.369995;164.800003;1;4
2013/06/11;163.300003;164.539993;162.740005;163.100006;1;4
2013/06/12;164.220001;164.389999;161.600006;161.75;1;4
2013/06/13;161.660004;164.5;161.300003;164.210007;1;4
2013/06/14;164.029999;164.669998;162.910004;163.179993;1;4
2013/06/17;164.289993;165.220001;163.220001;164.440002;1;1
2013/06/18;164.529999;165.990005;164.520004;165.740005;1;4
2013/06/19;165.600006;165.889999;163.380005;163.449997;1;4
2013/06/20;161.860001;163.470001;158.979996;159.399994;1;2
2013/06/21;159.639999;159.759995;157.470001;159.070007;1;2
2013/06/24;157.410004;158.429993;155.729996;157.059998;1;2
2013/06/25;158.479996;160.100006;157.419998;158.570007;1;2
2013/06/26;159.869995;160.5;159.25;160.139999;1;2
2013/06/27;161.100006;161.820007;160.949997;161.080002;1;2
2013/06/28;160.630005;161.399994;159.860001;160.419998;1;2
2013/07/01;161.259995;162.479996;161.080002;161.360001;1;2
2013/07/02;161.119995;162.300003;160.5;161.210007;1;2
2013/07/03;160.479996;161.770004;160.220001;161.279999;1;2
2013/07/05;162.470001;163.080002;161.300003;163.020004;1;1
2013/07/08;163.860001;164.389999;163.080002;163.949997;1;1
2013/07/09;164.979996;165.330002;164.270004;165.130005;1;1
2013/07/10;164.970001;165.75;164.630005;165.190002;1;1
2013/07/11;167.110001;167.610001;165.179993;167.440002;1;1
2013/07/12;167.389999;167.929993;167.130005;167.509995;1;1
2013/07/15;167.970001;168.389999;167.679993;168.149994;1;1
2013/07/16;168.259995;168.360001;167.070007;167.520004;1;1
2013/07/17;168.160004;168.479996;167.729996;167.949997;1;1
2013/07/18;168.309998;169.270004;168.199997;168.869995;1;1
2013/07/19;168.520004;169.229996;168.309998;169.169998;1;1
2013/07/22;169.410004;169.740005;169.009995;169.5;1;1
2013/07/23;169.800003;169.830002;169.050003;169.139999;1;1
2013/07/24;169.789993;169.860001;168.179993;168.520004;1;1
2013/07/25;168.220001;169.080002;167.940002;168.929993;1;1
2013/07/26;168.220001;169.160004;167.520004;169.110001;1;1
2013/07/29;168.679993;169.059998;168.110001;168.589996;1;1
2013/07/30;169.100006;169.279999;168.190002;168.589996;1;1
2013/07/31;168.940002;169.850006;168.490005;168.710007;1;1
2013/08/01;169.990005;170.809998;169.899994;170.660004;1;1
2013/08/02;170.279999;170.970001;170.050003;170.949997;1;1
2013/08/05;170.570007;170.960007;170.350006;170.699997;1;1
2013/08/06;170.369995;170.740005;169.350006;169.729996;1;1
2013/08/07;169.190002;169.429993;168.550003;169.179993;1;1
2013/08/08;169.979996;170.179993;168.929993;169.800003;1;1
2013/08/09;169.580002;170.100006;168.720001;169.309998;1;1
2013/08/12;168.460007;169.309998;168.380005;169.110001;1;1
2013/08/13;169.410004;169.899994;168.410004;169.610001;1;1
2013/08/14;169.529999;169.800003;168.699997;168.740005;1;1
2013/08/15;167.410004;167.429993;166.089996;166.380005;1;1
2013/08/16;166.059998;166.630005;165.5;165.830002;1;1
2013/08/19;165.639999;166.210007;164.759995;164.770004;1;1
2013/08/20;165.039993;166.199997;164.860001;165.580002;1;1
2013/08/21;165.119995;166.029999;164.190002;164.559998;1;1
2013/08/22;164.899994;166.300003;164.889999;166.059998;1;2
2013/08/23;166.550003;166.830002;165.770004;166.619995;1;2
2013/08/26;166.789993;167.300003;165.889999;166;1;2
2013/08/27;164.360001;166;163.210007;163.330002;1;2
2013/08/28;163.259995;164.490005;163.050003;163.910004;1;2
2013/08/29;163.550003;165.039993;163.399994;164.169998;1;2
2013/08/30;164.509995;164.529999;163.169998;163.649994;1;2
2013/09/03;165.229996;165.580002;163.699997;164.389999;1;2
2013/09/04;164.429993;166.029999;164.130005;165.75;1;2
2013/09/05;165.850006;166.399994;165.729996;165.960007;1;2
2013/09/06;166.509995;166.979996;164.479996;166.039993;1;2
2013/09/09;166.449997;167.729996;166.449997;167.630005;1;2
2013/09/10;168.639999;168.899994;168.259995;168.869995;1;1
2013/09/11;168.639999;169.399994;168.350006;169.399994;1;1
2013/09/12;169.339996;169.559998;168.720001;168.949997;1;1
2013/09/13;169.130005;169.460007;168.740005;169.330002;1;1
2013/09/16;171.160004;171.240005;170.039993;170.309998;1;1
2013/09/17;170.460007;171.110001;170.460007;171.070007;1;1
2013/09/18;171.009995;173.520004;170.580002;173.050003;1;1
2013/09/19;173.520004;173.600006;172.589996;172.759995;1;1
2013/09/20;172.330002;172.330002;170.580002;170.720001;1;1
2013/09/23;170.490005;170.649994;169.389999;169.929993;1;1
2013/09/24;169.899994;170.529999;169.210007;169.529999;1;1
2013/09/25;169.639999;169.979996;168.889999;169.039993;1;1
2013/09/26;169.320007;170.169998;169.050003;169.690002;1;1
2013/09/27;168.839996;169.139999;168.470001;168.910004;1;2
2013/09/30;167.479996;168.539993;167.149994;168.009995;1;2
2013/10/01;168.139999;169.5;167.970001;169.339996;1;2
2013/10/02;168.350006;169.339996;167.830002;169.179993;1;2
2013/10/03;168.789993;168.940002;166.839996;167.619995;1;2
2013/10/04;167.75;169.059998;167.529999;168.889999;1;2
2013/10/07;167.419998;168.449997;167.25;167.429993;1;2
2013/10/08;167.399994;167.619995;165.360001;165.479996;1;2
2013/10/09;165.800003;166.199997;164.529999;165.600006;1;2
2013/10/10;167.289993;169.259995;167.229996;169.169998;1;2
2013/10/11;168.910004;170.320007;168.770004;170.259995;1;1
2013/10/14;169.210007;171.080002;169.080002;170.940002;1;1
2013/10/15;170.509995;171.149994;169.470001;169.699997;1;1
2013/10/16;170.720001;172.160004;170.639999;172.070007;1;1
2013/10/17;171.369995;173.320007;171.339996;173.220001;1;1
2013/10/18;173.860001;174.509995;173.509995;174.389999;1;1
2013/10/21;174.449997;174.75;174.009995;174.399994;1;1
2013/10/22;174.910004;175.929993;174.429993;175.410004;1;1
2013/10/23;174.809998;174.889999;173.960007;174.570007;1;1
2013/10/24;174.919998;175.369995;174.509995;175.149994;1;1
2013/10/25;175.509995;176;175.169998;175.949997;1;1
2013/10/28;175.889999;176.470001;175.699997;176.229996;1;1
2013/10/29;176.630005;177.240005;176.380005;177.169998;1;1
2013/10/30;177.380005;177.509995;175.660004;176.289993;1;1
2013/10/31;176.149994;176.889999;175.529999;175.789993;1;1
2013/11/01;176.020004;176.610001;175.220001;176.210007;1;1
2013/11/04;176.690002;176.899994;175.979996;176.830002;1;1
2013/11/05;176.139999;176.75;175.570007;176.270004;1;1
2013/11/06;177.029999;177.5;176.539993;177.169998;1;1
2013/11/07;177.5;177.639999;174.759995;174.929993;1;1
2013/11/08;174.869995;177.309998;174.850006;177.289993;1;1
2013/11/11;177.119995;177.529999;176.910004;177.320007;1;1
2013/11/12;176.940002;177.360001;176.369995;176.960007;1;1
2013/11/13;176.089996;178.429993;176.089996;178.380005;1;1
2013/11/14;178.539993;179.419998;178.25;179.270004;1;1
2013/11/15;179.559998;180.119995;179.330002;180.050003;1;1
2013/11/18;180.350006;180.5;179.020004;179.419998;1;1
2013/11/19;179.330002;179.869995;178.720001;179.029999;1;1
2013/11/20;179.389999;179.929993;177.979996;178.470001;1;1
2013/11/21;178.970001;180.050003;178.860001;179.910004;1;1
2013/11/22;179.979996;180.830002;179.770004;180.809998;1;1
2013/11/25;181.130005;181.169998;180.369995;180.630005;1;1
2013/11/26;180.720001;181.220001;180.410004;180.679993;1;1
2013/11/27;180.869995;181.240005;180.649994;181.119995;1;1
2013/11/29;181.320007;181.75;180.800003;181;1;1
2013/12/02;181.089996;181.429993;180.25;180.529999;1;1
2013/12/03;179.940002;180.389999;179.169998;179.75;1;1
2013/12/04;179.100006;180.479996;178.350006;179.729996;1;1
2013/12/05;179.410004;179.740005;178.770004;178.940002;1;1
2013/12/06;180.669998;181.110001;180.149994;180.940002;1;1
2013/12/09;181.470001;181.669998;181.160004;181.399994;1;1
2013/12/10;180.979996;181.360001;180.639999;180.75;1;1
2013/12/11;180.820007;180.850006;178.5;178.720001;1;1
2013/12/12;178.639999;178.860001;177.759995;178.130005;1;1
2013/12/13;178.5;178.660004;177.770004;178.110001;1;1
2013/12/16;178.949997;179.809998;178.899994;179.220001;1;1
2013/12/17;179.380005;179.410004;178.25;178.649994;1;1
2013/12/18;178.919998;181.729996;177.320007;181.699997;1;1
2013/12/19;181.179993;181.699997;180.710007;181.490005;1;1
2013/12/20;180.690002;181.990005;180.570007;181.559998;1;1
2013/12/23;182.449997;182.639999;182.070007;182.529999;1;1
2013/12/24;182.539993;183.009995;182.529999;182.929993;1;1
2013/12/26;183.339996;183.960007;183.320007;183.860001;1;1
2013/12/27;184.100006;184.179993;183.660004;183.850006;1;1
2013/12/30;183.869995;184.020004;183.580002;183.820007;1;1
2013/12/31;184.070007;184.690002;183.929993;184.690002;1;1
2014/01/02;183.979996;184.070007;182.479996;182.919998;1;1
2014/01/03;183.229996;183.600006;182.630005;182.889999;1;1
2014/01/06;183.490005;183.559998;182.080002;182.360001;1;1
2014/01/07;183.089996;183.789993;182.949997;183.479996;1;1
2014/01/08;183.449997;183.830002;182.889999;183.520004;1;1
2014/01/09;184.110001;184.130005;182.800003;183.639999;1;1
2014/01/10;183.949997;184.220001;183.009995;184.139999;1;1
2014/01/13;183.669998;184.179993;181.339996;181.690002;1;1
2014/01/14;182.289993;183.770004;181.949997;183.669998;1;1
2014/01/15;184.100006;184.940002;183.710007;184.660004;1;1
2014/01/16;184.279999;184.660004;183.830002;184.419998;1;1
2014/01/17;184.100006;184.449997;183.320007;183.639999;1;1
2014/01/21;184.699997;184.770004;183.050003;184.179993;1;1
2014/01/22;184.490005;184.570007;183.910004;184.300003;1;1
2014/01/23;183.369995;183.399994;181.820007;182.789993;1;1
2014/01/24;181.600006;181.660004;178.830002;178.889999;1;1
2014/01/27;179.059998;179.520004;177.119995;178.009995;1;1
2014/01/28;178.139999;179.300003;178.119995;179.070007;1;2
2014/01/29;177.580002;178.550003;176.880005;177.350006;1;2
2014/01/30;178.830002;179.809998;178.259995;179.229996;1;2
2014/01/31;177.009995;179.289993;176.919998;178.179993;1;2
2014/02/03;177.970001;178.369995;173.830002;174.169998;1;2
2014/02/04;174.949997;175.839996;174.110001;175.389999;1;2
2014/02/05;174.779999;175.559998;173.710007;175.169998;1;2
2014/02/06;175.580002;177.479996;175.220001;177.479996;1;2
2014/02/07;178.309998;179.869995;177.729996;179.679993;1;1
2014/02/10;179.699997;180.070007;179.210007;180.009995;1;1
